Datetime,Open_Prices,Low_Prices,High_Prices,Close_Prices,Volume
2024-12-30 09:30:00,252.23,250.75,253.0,250.92,7399637
2024-12-30 10:30:00,250.93,250.89,252.29,251.9,3565275
2024-12-30 11:30:00,251.89,251.81,253.1,253.05,2716490
2024-12-30 12:30:00,253.06,252.5,253.47,252.82,2153979
2024-12-30 13:30:00,252.8,252.59,253.29,252.94,2351653
2024-12-30 14:30:00,252.93,252.69,253.5,252.72,2668250
2024-12-30 15:30:00,252.72,251.62,253.04,252.13,5609660
2024-12-31 09:30:00,252.44,251.31,253.28,251.69,4907815
2024-12-31 10:30:00,251.71,251.02,252.14,251.18,2380148
2024-12-31 11:30:00,251.18,250.65,251.55,250.72,1975261
2024-12-31 12:30:00,250.7,249.43,250.76,249.68,3894938
2024-12-31 13:30:00,249.69,249.53,250.27,249.77,2272065
2024-12-31 14:30:00,249.77,249.69,250.88,250.77,3376662
2024-12-31 15:30:00,250.77,249.5,251.08,250.5,7471002
2025-01-02 09:30:00,248.93,244.8,249.1,245.68,12562657
2025-01-02 10:30:00,245.66,244.16,245.88,244.9,6830862
2025-01-02 11:30:00,244.91,243.31,245.25,243.43,4384563
2025-01-02 12:30:00,243.42,242.31,243.42,242.69,5814431
2025-01-02 13:30:00,242.67,241.82,242.84,242.49,5548005
2025-01-02 14:30:00,242.48,241.87,243.44,243.23,5106409
2025-01-02 15:30:00,243.25,243.01,243.95,243.62,6632232
2025-01-03 09:30:00,243.36,241.89,244.18,242.46,8360167
2025-01-03 10:30:00,242.45,242.14,243.68,243.49,4967927
2025-01-03 11:30:00,243.48,242.67,244.05,242.77,3672709
2025-01-03 12:30:00,242.78,242.28,243.16,243.01,3314048
2025-01-03 13:30:00,243.0,242.54,243.06,242.67,3130540
2025-01-03 14:30:00,242.66,242.64,243.44,242.85,3007161
2025-01-03 15:30:00,242.84,242.61,243.8,243.1,4956842
2025-01-06 09:30:00,244.31,243.2,246.18,245.55,8628619
2025-01-06 10:30:00,245.54,245.33,247.33,246.75,5006205
2025-01-06 11:30:00,246.75,245.7,246.76,245.77,3354748
2025-01-06 12:30:00,245.76,244.47,245.87,245.03,3070077
2025-01-06 13:30:00,245.03,244.6,245.18,244.99,2065753
2025-01-06 14:30:00,244.98,244.43,245.13,244.9,2306191
2025-01-06 15:30:00,244.91,244.41,245.34,244.72,5469363
2025-01-07 09:30:00,242.98,242.68,245.55,245.17,7317539
2025-01-07 10:30:00,245.16,243.71,245.38,243.76,4107264
2025-01-07 11:30:00,243.74,242.14,243.88,242.39,4445675
2025-01-07 12:30:00,242.4,241.35,243.41,243.16,3448508
2025-01-07 13:30:00,243.15,242.07,243.18,242.46,2578137
2025-01-07 14:30:00,242.45,241.75,242.49,242.01,2681340
2025-01-07 15:30:00,242.02,241.54,242.41,242.27,6375449
2025-01-08 09:30:00,241.92,240.05,242.87,242.41,6778227
2025-01-08 10:30:00,242.39,242.08,243.71,242.71,4139623
2025-01-08 11:30:00,242.73,241.24,243.58,241.37,3009201
2025-01-08 12:30:00,241.39,241.2,242.52,242.35,2613615
2025-01-08 13:30:00,242.35,241.04,242.98,242.8,2758673
2025-01-08 14:30:00,242.78,241.69,242.78,242.38,2454699
2025-01-08 15:30:00,242.38,241.8,242.99,242.75,4372332
2025-01-10 09:30:00,240.01,235.8,240.16,237.43,12432259
2025-01-10 10:30:00,237.42,233.5,237.45,233.77,8428094
2025-01-10 11:30:00,233.77,233.0,235.9,235.56,7173808
2025-01-10 12:30:00,235.54,235.06,237.34,237.12,3958551
2025-01-10 13:30:00,237.12,236.41,237.59,236.83,3175383
2025-01-10 14:30:00,236.84,235.75,236.88,236.0,3580571
2025-01-10 15:30:00,236.0,235.77,237.45,237.19,5905458
2025-01-13 09:30:00,233.53,229.72,233.65,230.38,12571753
2025-01-13 10:30:00,230.38,230.22,231.8,230.73,5349525
2025-01-13 11:30:00,230.73,230.4,232.53,232.32,4160467
2025-01-13 12:30:00,232.29,231.98,233.44,233.38,2920586
2025-01-13 13:30:00,233.38,233.25,233.97,233.56,2678623
2025-01-13 14:30:00,233.55,233.37,234.2,233.68,3290942
2025-01-13 15:30:00,233.69,233.66,235.0,234.5,6139076
2025-01-14 09:30:00,234.75,234.26,236.12,235.61,6362884
2025-01-14 10:30:00,235.6,234.13,235.98,234.21,3836770
2025-01-14 11:30:00,234.19,232.85,234.49,233.33,3080749
2025-01-14 12:30:00,233.32,232.65,234.12,234.02,2177484
2025-01-14 13:30:00,234.04,233.72,234.92,234.26,2448351
2025-01-14 14:30:00,234.25,232.47,234.65,233.3,3620031
2025-01-14 15:30:00,233.28,232.54,234.0,233.99,5506860
2025-01-15 09:30:00,234.64,234.43,238.39,237.92,8050265
2025-01-15 10:30:00,237.96,237.31,238.54,237.4,3704418
2025-01-15 11:30:00,237.4,236.5,237.59,237.12,2960015
2025-01-15 12:30:00,237.12,236.97,237.74,237.53,2194171
2025-01-15 13:30:00,237.53,237.26,237.77,237.57,1910015
2025-01-15 14:30:00,237.58,237.52,238.03,237.62,2782207
2025-01-15 15:30:00,237.62,237.35,238.96,237.97,5224622
2025-01-16 09:30:00,237.35,232.7,238.01,232.82,9975988
2025-01-16 10:30:00,232.8,230.16,233.02,230.59,11059128
2025-01-16 11:30:00,230.59,229.75,231.1,230.92,8413031
2025-01-16 12:30:00,230.92,229.07,231.2,229.19,6223191
2025-01-16 13:30:00,229.19,228.56,229.4,229.18,5844777
2025-01-16 14:30:00,229.18,228.9,230.07,229.03,6467685
2025-01-16 15:30:00,229.01,227.7,229.29,228.17,10832316
2025-01-17 09:30:00,232.12,229.72,232.29,230.39,23545784
2025-01-17 10:30:00,230.4,230.35,231.65,231.28,6640810
2025-01-17 11:30:00,231.29,229.49,231.32,230.26,5636143
2025-01-17 12:30:00,230.27,229.89,230.44,229.91,3639331
2025-01-17 13:30:00,229.91,228.48,229.95,229.18,4427468
2025-01-17 14:30:00,229.18,229.08,229.77,229.44,4408527
2025-01-17 15:30:00,229.44,229.23,230.12,229.88,7308844
2025-01-21 09:30:00,224.0,220.8,224.42,221.77,22854523
2025-01-21 10:30:00,221.78,219.7,222.1,220.11,13429246
2025-01-21 11:30:00,220.1,219.38,220.77,220.36,9452336
2025-01-21 12:30:00,220.36,220.0,221.07,220.41,6314944
2025-01-21 13:30:00,220.4,220.37,221.69,221.61,6914874
2025-01-21 14:30:00,221.61,220.31,221.67,221.65,7105491
2025-01-21 15:30:00,221.64,221.34,222.79,222.14,8199601
2025-01-22 09:30:00,219.79,219.79,223.35,221.63,14820879
2025-01-22 10:30:00,221.64,221.55,223.08,222.86,6740180
2025-01-22 11:30:00,222.86,221.7,222.93,222.57,5094757
2025-01-22 12:30:00,222.57,222.02,222.85,222.12,3953925
2025-01-22 13:30:00,222.12,221.91,222.87,222.75,3384690
2025-01-22 14:30:00,222.75,222.42,223.6,223.35,5606526
2025-01-22 15:30:00,223.37,223.06,224.12,223.44,7082943
2025-01-23 09:30:00,224.74,224.26,227.03,225.97,13331965
2025-01-23 10:30:00,225.97,224.37,226.37,225.18,6661747
2025-01-23 11:30:00,225.16,223.39,225.2,223.57,5263415
2025-01-23 12:30:00,223.57,223.19,223.78,223.55,4733728
2025-01-23 13:30:00,223.56,222.43,223.64,222.8,4467596
2025-01-23 14:30:00,222.81,222.58,223.17,222.88,4096467
2025-01-23 15:30:00,222.87,222.3,223.9,223.2,9368299
2025-01-24 09:30:00,224.78,222.53,225.63,222.73,12623255
2025-01-24 10:30:00,222.74,222.35,223.37,222.76,6090488
2025-01-24 11:30:00,222.77,222.14,223.49,222.28,5067320
2025-01-24 12:30:00,222.28,221.94,222.72,222.16,3586520
2025-01-24 13:30:00,222.14,221.92,222.55,222.37,2912743
2025-01-24 14:30:00,222.35,221.41,222.93,222.32,4686575
2025-01-24 15:30:00,222.32,222.2,223.05,222.65,5690482
2025-01-27 09:30:00,224.02,223.98,227.7,227.29,18961693
2025-01-27 10:30:00,227.3,227.09,228.83,228.49,9564897
2025-01-27 11:30:00,228.49,228.18,230.14,230.09,8524007
2025-01-27 12:30:00,230.09,229.81,231.38,231.32,6765733
2025-01-27 13:30:00,231.3,230.99,232.15,232.03,7080625
2025-01-27 14:30:00,232.03,230.14,232.03,230.68,9414382
2025-01-27 15:30:00,230.68,228.48,231.38,230.19,11513871
2025-01-28 09:30:00,230.85,230.81,237.79,237.62,19243219
2025-01-28 10:30:00,237.65,237.63,239.45,239.08,12274776
2025-01-28 11:30:00,239.06,238.16,240.19,238.55,8384751
2025-01-28 12:30:00,238.55,238.24,239.25,238.74,3769038
2025-01-28 13:30:00,238.76,238.59,239.1,238.82,3352798
2025-01-28 14:30:00,238.82,238.31,239.48,238.84,4869995
2025-01-28 15:30:00,238.88,237.76,238.98,238.29,6685195
2025-01-29 09:30:00,234.12,234.01,237.13,236.84,9113417
2025-01-29 10:30:00,236.81,236.43,238.0,236.52,4857204
2025-01-29 11:30:00,236.52,236.13,237.22,236.87,4055800
2025-01-29 12:30:00,236.87,235.45,237.44,237.43,3924058
2025-01-29 13:30:00,237.44,236.31,237.66,236.45,2766740
2025-01-29 14:30:00,236.44,236.35,239.24,239.05,4886221
2025-01-29 15:30:00,239.06,238.72,239.98,239.35,5565071
2025-01-30 09:30:00,238.67,238.09,240.79,238.45,8082487
2025-01-30 10:30:00,238.46,237.21,239.04,238.2,6211732
2025-01-30 11:30:00,238.18,237.81,238.88,238.03,3222110
2025-01-30 12:30:00,238.03,237.91,238.77,238.45,2684082
2025-01-30 13:30:00,238.44,238.44,239.67,239.25,3360211
2025-01-30 14:30:00,239.25,239.21,240.06,239.58,4798990
2025-01-30 15:30:00,239.58,237.13,239.86,238.55,9388563
2025-01-31 09:30:00,247.19,240.55,247.19,240.94,22640493
2025-01-31 10:30:00,240.91,238.59,241.43,238.95,10161171
2025-01-31 11:30:00,238.96,238.74,240.05,239.74,6223585
2025-01-31 12:30:00,239.74,236.22,239.81,236.43,7818438
2025-01-31 13:30:00,236.43,234.47,236.86,235.14,7380382
2025-01-31 14:30:00,235.16,233.44,235.28,234.29,7945862
2025-01-31 15:30:00,234.31,233.74,236.5,235.27,11052141
2025-02-03 09:30:00,229.99,226.64,231.83,229.26,18518971
2025-02-03 10:30:00,229.26,226.08,229.82,226.42,10350149
2025-02-03 11:30:00,226.41,225.7,227.13,226.37,7067817
2025-02-03 12:30:00,226.36,225.95,227.09,226.9,4952097
2025-02-03 13:30:00,226.91,226.89,228.85,228.47,5261670
2025-02-03 14:30:00,228.48,228.31,229.21,228.55,4498997
2025-02-03 15:30:00,228.57,227.63,228.97,228.45,7384992
2025-02-04 09:30:00,227.25,226.65,230.41,230.37,9178106
2025-02-04 10:30:00,230.38,230.12,231.55,231.05,5363231
2025-02-04 11:30:00,231.06,231.05,232.79,231.78,5207483
2025-02-04 12:30:00,231.79,231.39,232.38,232.22,3096300
2025-02-04 13:30:00,232.23,231.37,232.37,232.14,2285948
2025-02-04 14:30:00,232.14,232.13,232.95,232.31,3344935
2025-02-04 15:30:00,232.29,232.01,233.13,232.34,5314183
2025-02-05 09:30:00,228.53,228.27,230.62,229.5,8415436
2025-02-05 10:30:00,229.51,228.85,230.2,230.09,3447733
2025-02-05 11:30:00,230.1,229.99,231.28,230.69,2916059
2025-02-05 12:30:00,230.68,229.63,230.75,229.91,2376532
2025-02-05 13:30:00,229.9,229.71,231.53,230.65,3043256
2025-02-05 14:30:00,230.64,230.5,231.88,231.8,2871832
2025-02-05 15:30:00,231.79,230.5,233.0,232.13,3957343
2025-02-06 09:30:00,231.29,230.78,233.8,231.54,6655068
2025-02-06 10:30:00,231.59,230.43,232.33,231.52,3599669
2025-02-06 11:30:00,231.51,230.9,231.65,231.33,2212658
2025-02-06 12:30:00,231.33,231.03,232.34,232.19,2394286
2025-02-06 13:30:00,232.19,232.08,233.11,232.87,1818846
2025-02-06 14:30:00,232.89,231.9,232.89,232.28,2149562
2025-02-06 15:30:00,232.29,231.93,233.48,232.8,4565272
2025-02-07 09:30:00,232.6,229.88,234.0,230.36,7528111
2025-02-07 10:30:00,230.37,228.9,231.27,229.06,5665151
2025-02-07 11:30:00,229.09,228.2,229.42,228.4,3763519
2025-02-07 12:30:00,228.39,228.34,229.45,229.3,3721107
2025-02-07 13:30:00,229.3,227.82,229.5,227.88,2602651
2025-02-07 14:30:00,227.89,227.78,228.58,227.99,2965671
2025-02-07 15:30:00,227.99,227.26,228.15,227.88,5808521
2025-02-10 09:30:00,229.57,228.8,230.59,229.87,5967986
2025-02-10 10:30:00,229.89,228.74,229.91,229.36,3736912
2025-02-10 11:30:00,229.37,228.24,229.39,228.47,2474228
2025-02-10 12:30:00,228.47,228.37,228.88,228.47,2457762
2025-02-10 13:30:00,228.49,228.4,229.04,228.7,1724467
2025-02-10 14:30:00,228.7,227.6,228.84,227.69,2971264
2025-02-10 15:30:00,227.7,227.2,227.94,227.58,5218271
2025-02-11 09:30:00,228.2,228.13,233.49,233.34,12337516
2025-02-11 10:30:00,233.32,232.82,234.72,234.65,7044636
2025-02-11 11:30:00,234.66,233.72,235.23,234.57,5738887
2025-02-11 12:30:00,234.59,233.25,234.63,233.55,3043872
2025-02-11 13:30:00,233.56,233.13,234.19,233.37,2813543
2025-02-11 14:30:00,233.37,232.9,233.93,233.11,3713906
2025-02-11 15:30:00,233.11,232.15,233.3,232.51,5628042
2025-02-12 09:30:00,231.2,230.68,234.05,233.61,8556724
2025-02-12 10:30:00,233.6,233.58,235.14,235.07,5460489
2025-02-12 11:30:00,235.07,234.72,235.66,235.28,3522692
2025-02-12 12:30:00,235.27,234.86,235.89,235.48,2818689
2025-02-12 13:30:00,235.47,235.32,236.44,236.21,3036239
2025-02-12 14:30:00,236.21,236.07,236.66,236.47,3342869
2025-02-12 15:30:00,236.46,235.91,236.99,236.93,5607600
2025-02-13 09:30:00,236.91,235.57,239.0,237.88,8370576
2025-02-13 10:30:00,237.9,237.73,241.61,240.48,8942944
2025-02-13 11:30:00,240.49,239.82,240.84,240.35,3794337
2025-02-13 12:30:00,240.35,240.19,241.35,241.03,3188977
2025-02-13 13:30:00,241.04,237.0,242.07,241.77,3761918
2025-02-13 14:30:00,241.75,241.26,242.34,241.55,3704707
2025-02-13 15:30:00,241.55,241.01,242.0,241.4,5209276
2025-02-14 09:30:00,241.07,241.0,245.05,244.38,11286651
2025-02-14 10:30:00,244.38,243.16,244.38,243.95,4923421
2025-02-14 11:30:00,243.94,243.69,244.53,243.82,4178251
2025-02-14 12:30:00,243.82,243.34,244.31,244.0,2425988
2025-02-14 13:30:00,243.98,243.94,244.54,244.15,1978801
2025-02-14 14:30:00,244.14,243.91,244.37,244.1,2427820
2025-02-14 15:30:00,244.08,243.91,245.41,244.57,0
2025-02-18 09:30:00,244.44,242.86,245.18,244.09,10828281
2025-02-18 10:30:00,244.08,243.94,244.97,244.73,3160243
2025-02-18 11:30:00,244.72,244.18,245.05,244.43,3072706
2025-02-18 12:30:00,244.45,243.25,244.5,243.43,2653804
2025-02-18 13:30:00,243.43,241.84,243.48,243.05,3303856
2025-02-18 14:30:00,243.05,242.98,243.84,243.52,2923884
2025-02-18 15:30:00,243.53,243.15,244.6,244.47,0
2025-02-19 09:30:00,244.61,243.79,246.01,243.94,7953912
2025-02-19 10:30:00,243.93,243.16,244.49,244.4,3875838
2025-02-19 11:30:00,244.37,244.03,245.65,245.15,3328522
2025-02-19 12:30:00,245.14,244.23,245.28,244.71,1965036
2025-02-19 13:30:00,244.71,244.22,245.19,244.9,2025071
2025-02-19 14:30:00,244.9,244.45,245.17,244.88,2676275
2025-02-19 15:30:00,244.88,244.54,245.09,244.88,2963616
2025-02-20 09:30:00,244.97,244.29,246.78,244.74,7059474
2025-02-20 10:30:00,244.74,244.59,246.7,246.13,4286584
2025-02-20 11:30:00,246.13,245.03,246.46,246.38,4072175
2025-02-20 12:30:00,246.37,245.16,246.41,245.45,2248069
2025-02-20 13:30:00,245.44,245.02,245.58,245.26,1791583
2025-02-20 14:30:00,245.25,244.85,245.75,245.62,2339026
2025-02-20 15:30:00,245.61,245.36,246.0,245.86,3152476
2025-02-21 09:30:00,245.96,245.22,246.94,245.79,8207297
2025-02-21 10:30:00,245.77,245.22,247.45,247.13,5440754
2025-02-21 11:30:00,247.15,246.65,247.65,247.37,4700950
2025-02-21 12:30:00,247.38,247.1,248.69,247.44,6864397
2025-02-21 13:30:00,247.45,246.43,248.08,246.49,4986285
2025-02-21 14:30:00,246.51,245.39,246.82,245.8,7827784
2025-02-21 15:30:00,245.82,245.33,246.09,245.59,5597978
2025-02-24 09:30:00,244.81,244.59,248.86,247.85,13193734
2025-02-24 10:30:00,247.85,246.01,247.95,247.11,6815696
2025-02-24 11:30:00,247.13,247.12,248.32,247.79,3637316
2025-02-24 12:30:00,247.82,247.22,248.14,248.05,2550281
2025-02-24 13:30:00,248.05,247.67,248.8,248.66,4364229
2025-02-24 14:30:00,248.66,247.43,248.75,247.61,3655005
2025-02-24 15:30:00,247.6,246.82,247.79,247.23,4976083
2025-02-25 09:30:00,248.0,244.91,249.52,245.11,12543414
2025-02-25 10:30:00,245.13,244.91,246.87,246.52,4912736
2025-02-25 11:30:00,246.54,246.43,249.98,249.58,6711698
2025-02-25 12:30:00,249.58,247.73,249.62,247.98,3191684
2025-02-25 13:30:00,247.97,247.16,248.62,247.67,3236285
2025-02-25 14:30:00,247.64,247.55,248.59,247.72,3408426
2025-02-25 15:30:00,247.73,246.04,247.77,247.05,4291190
2025-02-26 09:30:00,244.33,241.42,244.98,243.48,11922325
2025-02-26 10:30:00,243.49,241.58,243.72,241.81,4844532
2025-02-26 11:30:00,241.8,241.75,243.89,243.13,3260739
2025-02-26 12:30:00,243.14,240.24,243.29,240.34,4011307
2025-02-26 13:30:00,240.34,239.13,240.39,239.82,4096351
2025-02-26 14:30:00,239.81,239.53,240.45,239.95,3160834
2025-02-26 15:30:00,239.96,239.68,240.71,240.31,4066395
2025-02-27 09:30:00,239.35,238.47,242.28,241.38,11860928
2025-02-27 10:30:00,241.36,240.64,242.46,241.52,3314596
2025-02-27 11:30:00,241.52,239.59,241.78,241.06,2483584
2025-02-27 12:30:00,241.13,240.36,242.18,241.9,2123940
2025-02-27 13:30:00,241.93,240.52,242.05,240.63,2376630
2025-02-27 14:30:00,240.65,238.77,240.66,238.92,4411625
2025-02-27 15:30:00,238.96,237.1,239.37,237.38,5981830
2025-02-28 09:30:00,236.95,234.51,237.8,237.6,9707088
2025-02-28 10:30:00,237.58,236.49,237.83,236.92,3856963
2025-02-28 11:30:00,236.87,236.55,237.75,237.6,2652791
2025-02-28 12:30:00,237.69,236.23,237.9,237.41,3253563
2025-02-28 13:30:00,237.4,237.01,238.31,237.92,3040911
2025-02-28 14:30:00,237.88,237.7,239.78,239.71,4607390
2025-02-28 15:30:00,239.69,238.81,242.09,241.84,7654870
2025-03-03 09:30:00,241.72,239.82,244.03,241.49,10137001
2025-03-03 10:30:00,241.5,241.13,242.63,241.19,3962348
2025-03-03 11:30:00,241.23,240.66,242.55,242.54,2726862
2025-03-03 12:30:00,242.54,240.74,242.99,240.96,2892774
2025-03-03 13:30:00,241.02,240.44,241.87,241.15,3716220
2025-03-03 14:30:00,241.16,236.65,242.0,236.89,5255129
2025-03-03 15:30:00,236.88,236.11,238.56,238.14,6362960
2025-03-04 09:30:00,237.71,236.35,239.39,238.4,12574876
2025-03-04 10:30:00,238.4,237.65,239.81,238.63,6419558
2025-03-04 11:30:00,238.59,238.13,240.07,238.16,4617834
2025-03-04 12:30:00,238.11,236.16,238.18,236.75,4297681
2025-03-04 13:30:00,236.75,236.43,238.56,238.29,3524557
2025-03-04 14:30:00,238.29,237.98,239.25,238.69,4105168
2025-03-04 15:30:00,238.68,234.7,238.75,236.07,6470426
2025-03-05 09:30:00,235.49,230.55,235.95,230.92,11396281
2025-03-05 10:30:00,230.94,230.14,233.2,230.65,4757085
2025-03-05 11:30:00,230.62,229.23,234.65,234.54,5831367
2025-03-05 12:30:00,234.54,234.0,235.54,234.68,3887648
2025-03-05 13:30:00,234.67,234.1,236.55,235.75,2837195
2025-03-05 14:30:00,235.8,235.15,236.48,236.04,3103634
2025-03-05 15:30:00,236.01,235.06,236.35,235.77,0
2025-03-06 09:30:00,234.43,233.54,237.16,236.47,8965074
2025-03-06 10:30:00,236.47,236.24,237.86,236.78,4326344
2025-03-06 11:30:00,236.74,234.04,237.34,234.41,4246957
2025-03-06 12:30:00,234.4,234.06,235.43,234.29,3660287
2025-03-06 13:30:00,234.3,233.4,235.17,233.69,4333970
2025-03-06 14:30:00,233.65,233.33,236.01,235.18,4926584
2025-03-06 15:30:00,235.17,234.45,235.76,235.32,4800803
2025-03-07 09:30:00,235.1,235.06,239.43,238.31,8540305
2025-03-07 10:00:00,238.38,237.01,240.15,238.9,735573
2025-03-07 10:30:00,238.32,237.03,240.16,239.02,6445384
2025-03-07 11:00:00,238.92,237.88,239.51,239.24,665719
2025-03-07 11:30:00,239.04,237.86,239.7,239.29,6229746
2025-03-07 12:00:00,239.21,237.87,240.83,240.03,788356
2025-03-07 12:30:00,239.26,238.8,241.37,240.41,6264766
2025-03-07 13:00:00,240.05,239.38,241.37,239.43,530345
2025-03-07 13:30:00,240.43,238.57,240.91,239.65,4109056
2025-03-07 14:00:00,239.46,238.58,239.91,239.25,325792
2025-03-07 14:30:00,239.66,238.08,239.86,238.81,3265326
2025-03-07 15:00:00,239.2,237.94,239.76,239.08,659388
2025-03-07 15:30:00,238.8,237.94,239.77,239.07,4811911
2025-03-10 09:30:00,235.54,228.52,236.16,228.57,14458282
2025-03-10 10:00:00,230.18,225.36,230.41,226.19,1252356
2025-03-10 10:30:00,228.57,225.29,229.5,226.51,11882711
2025-03-10 11:00:00,226.22,225.29,227.27,226.59,826353
2025-03-10 11:30:00,226.53,224.22,227.29,225.48,6727365
2025-03-10 12:00:00,226.58,224.23,226.97,225.52,619953
2025-03-10 12:30:00,225.49,224.33,226.69,225.21,5441580
2025-03-10 13:00:00,225.51,224.33,226.09,225.86,570810
2025-03-10 13:30:00,225.24,224.87,226.98,226.58,5343796
2025-03-10 14:00:00,225.84,225.1,226.99,225.28,609928
2025-03-10 14:30:00,226.59,224.42,227.52,226.98,7127712
2025-03-10 15:00:00,225.23,224.42,228.65,227.53,1397913
2025-03-10 15:30:00,226.99,226.5,228.66,226.91,8593289
2025-03-11 09:30:00,223.81,220.01,225.84,222.52,16266066
2025-03-11 10:00:00,222.01,220.02,223.5,221.06,1243428
2025-03-11 10:30:00,222.47,220.59,222.95,221.0,7838683
2025-03-11 11:00:00,221.03,220.26,222.14,221.13,834610
2025-03-11 11:30:00,220.98,218.5,221.74,218.55,8314074
2025-03-11 12:00:00,221.08,218.44,221.11,218.99,1168390
2025-03-11 12:30:00,218.54,217.45,219.88,217.73,7255751
2025-03-11 13:00:00,218.97,217.41,219.53,218.3,769774
2025-03-11 13:30:00,217.73,217.68,220.98,220.55,6403936
2025-03-11 14:00:00,218.3,218.28,222.7,222.16,802685
2025-03-11 14:30:00,220.55,220.09,223.31,221.8,7110589
2025-03-11 15:00:00,222.18,220.6,223.31,220.78,1140755
2025-03-11 15:30:00,221.82,220.5,222.07,220.86,8198638
2025-03-12 09:30:00,220.23,218.92,221.35,218.93,8849
2025-03-12 10:00:00,221.39,216.0,221.74,216.14,1097365
2025-03-12 10:30:00,218.93,215.08,218.95,216.3,9851
2025-03-12 11:00:00,216.15,214.91,217.88,217.77,804196
2025-03-12 11:30:00,216.3,216.23,218.44,218.44,10209
2025-03-12 12:00:00,217.77,216.88,218.61,217.24,609366
2025-03-12 12:30:00,218.44,217.06,218.49,218.2,10933
2025-03-12 13:00:00,217.27,216.07,218.23,216.08,542578
2025-03-12 13:30:00,218.2,216.05,218.22,216.07,13437
2025-03-12 14:00:00,216.1,215.82,217.09,216.43,499698
2025-03-12 14:30:00,216.07,215.24,216.93,215.63,13077
2025-03-12 15:00:00,216.42,215.05,217.27,216.94,1383321
2025-03-12 15:30:00,215.63,215.33,217.44,217.0,14781
2025-03-13 09:30:00,215.94,214.22,216.84,214.28,11543428
2025-03-13 10:00:00,215.25,213.66,215.93,214.23,829327
2025-03-13 10:30:00,214.3,213.63,214.82,214.04,6000675
2025-03-13 11:00:00,214.24,212.0,214.8,212.07,767480
2025-03-13 11:30:00,214.04,211.64,214.35,211.94,8062598
2025-03-13 12:00:00,212.08,211.13,212.93,211.5,812764
2025-03-13 12:30:00,211.93,210.69,212.93,211.15,5949778
2025-03-13 13:00:00,211.52,210.5,211.69,211.09,552992
2025-03-13 13:30:00,211.14,210.5,212.47,212.29,5034049
2025-03-13 14:00:00,211.1,211.04,212.44,211.92,481825
2025-03-13 14:30:00,212.29,210.36,212.47,210.63,5897570
2025-03-13 15:00:00,211.91,208.43,212.29,209.71,1463052
2025-03-13 15:30:00,210.67,208.42,210.71,209.71,9508816
2025-03-14 10:00:00,211.98,209.58,212.42,211.77,990389
2025-03-14 11:00:00,211.77,211.2,213.96,213.28,707650
2025-03-14 12:00:00,213.27,212.08,213.29,212.89,309497
2025-03-14 13:00:00,212.88,211.96,213.5,212.4,388888
2025-03-14 14:00:00,212.4,210.77,212.69,212.62,589755
2025-03-14 15:00:00,212.62,212.49,213.94,213.28,1030988
2025-03-17 10:00:00,213.73,211.31,214.0,211.39,667826
2025-03-17 11:00:00,211.41,209.97,211.62,210.9,552089
2025-03-17 12:00:00,210.95,210.56,211.89,211.59,273241
2025-03-17 13:00:00,211.54,211.1,213.74,213.65,308494
2025-03-17 14:00:00,213.66,213.51,214.79,214.56,335070
2025-03-17 15:00:00,214.55,213.68,215.21,214.14,856043
2025-03-18 10:00:00,214.42,213.48,215.14,213.71,583889
2025-03-18 11:00:00,213.72,212.66,213.81,213.34,449707
2025-03-18 12:00:00,213.31,211.6,214.0,212.2,594815
2025-03-18 13:00:00,212.19,211.49,212.57,211.82,408297
2025-03-18 14:00:00,211.84,211.69,212.65,212.21,290219
2025-03-18 15:00:00,212.21,211.89,213.28,212.79,780654
2025-03-19 09:30:00,214.22,213.95,218.72,217.145,10563135
2025-03-19 10:30:00,217.17,214.98,217.17,215.669,5067500
2025-03-19 11:30:00,215.7,215.195,216.675,215.31,3161816
2025-03-19 12:30:00,215.29,214.3022,215.3226,214.37,2815389
2025-03-19 13:30:00,214.39,213.78,214.9998,214.27,4834331
2025-03-19 14:30:00,214.25,214.25,217.01,215.4501,6071544
2025-03-19 15:30:00,215.5,214.5,215.69,215.4578,17101903
2025-03-20 09:30:00,213.99,213.01,217.435,216.98,7001995
2025-03-20 10:30:00,216.96,215.81,217.29,215.96,4553196
2025-03-20 11:30:00,215.89,214.06,216.407,214.14,4089580
2025-03-20 12:30:00,214.1401,213.03,214.45,213.245,5149531
2025-03-20 13:30:00,213.27,212.75,213.8406,212.75,3190081
2025-03-20 14:30:00,212.8,212.24,213.3701,212.6522,4533625
2025-03-20 15:30:00,212.7,212.7,214.655,214.176,17332019
2025-03-21 09:30:00,211.76,211.73,214.3404,213.74,19690932
2025-03-21 10:30:00,213.74,213.27,214.82,213.4693,30709400
2025-03-21 11:30:00,213.44,212.695,215.1299,214.655,3844991
2025-03-21 12:30:00,214.6904,214.51,215.47,214.61,3367737
2025-03-21 13:30:00,214.61,214.27,215.01,214.67,3100909
2025-03-21 14:30:00,214.68,214.67,215.36,215.285,4179417
2025-03-21 15:30:00,215.31,215.01,218.825,217.55,20069225
2025-03-24 09:30:00,220.58,218.71,220.76,219.7516,8495964
2025-03-24 10:30:00,219.77,219.07,220.62,219.16,4676917
2025-03-24 11:30:00,219.155,218.9799,219.99,219.0,3274676
2025-03-24 12:30:00,218.98,218.83,219.48,219.285,3064126
2025-03-24 13:30:00,219.325,219.1,219.813,219.76,2535736
2025-03-24 14:30:00,219.7575,219.49,220.47,219.78,4150075
2025-03-24 15:30:00,219.78,219.66,220.95,220.72,14246422
2025-03-25 09:30:00,220.79,220.11,223.35,223.35,7834358
2025-03-25 10:30:00,223.38,222.32,223.8651,223.53,4023884
2025-03-25 11:30:00,223.54,223.02,223.655,223.12,2236174
2025-03-25 12:30:00,223.11,222.81,223.62,222.81,2317449
2025-03-25 13:30:00,222.82,222.62,223.91,223.49,2533887
2025-03-25 14:30:00,223.52,222.8,223.71,223.3984,3425408
2025-03-25 15:30:00,223.41,223.32,224.075,223.7005,10614965
2025-03-26 09:30:00,223.81,222.86,225.005,224.085,7700505
2025-03-26 10:30:00,224.05,223.13,224.3106,223.75,3264237
2025-03-26 11:30:00,223.74,222.19,223.88,223.675,3224927
2025-03-26 12:30:00,223.575,221.63,223.78,222.05,2853844
2025-03-26 13:30:00,222.06,221.4094,222.2098,221.83,2226650
2025-03-26 14:30:00,221.815,220.62,221.88,220.62,3056283
2025-03-26 15:30:00,220.64,220.4852,221.84,221.295,9818642
2025-03-27 09:30:00,221.39,220.58,222.07,221.64,5316039
2025-03-27 10:30:00,221.65,221.4166,223.23,222.79,3793090
2025-03-27 11:30:00,222.79,222.5822,223.745,223.195,2869468
2025-03-27 12:30:00,223.205,222.72,223.9798,223.0912,3508873
2025-03-27 13:30:00,223.08,223.0501,224.55,224.35,3524525
2025-03-27 14:30:00,224.36,224.0,224.98,224.79,3381229
2025-03-27 15:30:00,224.76,223.73,224.96,223.85,11111490
2025-03-28 09:30:00,221.67,219.73,223.79,219.91,8530298
2025-03-28 10:30:00,219.9,219.2,220.62,219.98,4849226
2025-03-28 11:30:00,219.9204,218.38,220.21,218.69,3076144
2025-03-28 12:30:00,218.67,218.21,219.12,218.5,3058237
2025-03-28 13:30:00,218.515,218.18,219.16,219.05,2311731
2025-03-28 14:30:00,219.03,218.12,219.15,218.49,3202662
2025-03-28 15:30:00,218.52,217.55,218.75,217.6,12108501
