Date,Close_Prices,High_Prices,Low_Prices,Open_Prices,Volume,Symbol,sentiment
2024-12-10,174.21316528320312,176.17754898648235,172.24876636452788,172.67753622439704,7561800,APO,153.0,0.7112492322921753
2024-12-10,174.21316528320312,176.17754898648235,172.24876636452788,172.67753622439704,7561800,APO,152.0,0.8519743084907532
2024-12-11,178.10206604003906,178.96958704830482,171.62055086561293,174.91116930493922,6023000,APO,151.0,0.841347336769104
2024-12-11,178.10206604003906,178.96958704830482,171.62055086561293,174.91116930493922,6023000,APO,150.0,0.7649214863777161
2024-12-12,175.9083251953125,178.8598989646353,174.7715677598281,178.0222914259407,3547400,APO,,0.7649214863777161
2024-12-13,175.9282684326172,177.01518029985127,174.38268843018648,175.90833626286738,3166600,APO,149.0,0.8665677309036255
2024-12-13,175.9282684326172,177.01518029985127,174.38268843018648,175.90833626286738,3166600,APO,148.0,0.9165902137756348
2024-12-16,177.64337158203125,178.90976422089173,175.38980403947784,175.73881479689013,5958900,APO,143.0,0.8141010403633118
2024-12-17,175.81858825683594,177.2245669332912,172.4083006677593,175.99806906921046,7018500,APO,,0.8141010403633118
2024-12-18,166.96383666992188,177.60349150492206,165.9766465537439,176.1177232884232,7927900,APO,142.0,0.9280602931976318
2024-12-18,166.96383666992188,177.60349150492206,165.9766465537439,176.1177232884232,7927900,APO,141.0,0.8273544311523438
2024-12-18,166.96383666992188,177.60349150492206,165.9766465537439,176.1177232884232,7927900,APO,140.0,0.7849664092063904
2024-12-18,166.96383666992188,177.60349150492206,165.9766465537439,176.1177232884232,7927900,APO,139.0,0.8124307990074158
2024-12-18,166.96383666992188,177.60349150492206,165.9766465537439,176.1177232884232,7927900,APO,138.0,0.7067192196846008
2024-12-19,169.14761352539062,173.0664301447729,168.88834317178103,169.56641730961036,7908400,APO,136.0,0.4474245905876159
2024-12-19,169.14761352539062,173.0664301447729,168.88834317178103,169.56641730961036,7908400,APO,132.0,0.505801260471344
2024-12-19,169.14761352539062,173.0664301447729,168.88834317178103,169.56641730961036,7908400,APO,133.0,0.7772911190986633
2024-12-19,169.14761352539062,173.0664301447729,168.88834317178103,169.56641730961036,7908400,APO,134.0,0.8398225903511047
2024-12-19,169.14761352539062,173.0664301447729,168.88834317178103,169.56641730961036,7908400,APO,135.0,0.8604993224143982
2024-12-19,169.14761352539062,173.0664301447729,168.88834317178103,169.56641730961036,7908400,APO,137.0,0.9465534090995787
2024-12-20,170.5436248779297,174.3527688923268,166.91397689281118,167.0236646842047,91314300,APO,130.0,0.8763996958732605
2024-12-20,170.5436248779297,174.3527688923268,166.91397689281118,167.0236646842047,91314300,APO,131.0,0.8933787941932678
2024-12-23,171.1419219970703,172.2886455310096,167.8014426697578,170.15473189005235,4447700,APO,212.0,0.8395304083824158
2024-12-23,171.1419219970703,172.2886455310096,167.8014426697578,170.15473189005235,4447700,APO,211.0,0.8152921795845032
2024-12-24,174.35276794433594,174.35276794433594,171.31143848622986,172.0194108687782,1023900,APO,210.0,0.5799702405929565
2024-12-26,173.87411499023438,174.58210255958548,172.0194039214589,173.13622916866916,1348400,APO,207.0,0.7642343640327454
2024-12-27,169.79576110839844,172.91686496768955,169.21740867091785,172.18892996692804,2859000,APO,206.0,0.8989356160163879
2024-12-30,166.03646850585938,168.38975767732924,164.71024897297974,167.47237582613192,2597800,APO,,0.8989356160163879
2024-12-31,164.69032287597656,167.12338645664514,164.46096599317522,166.52508664600998,2817000,APO,204.0,0.7370052337646484
2024-12-31,164.69032287597656,167.12338645664514,164.46096599317522,166.52508664600998,2817000,APO,203.0,0.8437505960464478
2024-12-31,164.69032287597656,167.12338645664514,164.46096599317522,166.52508664600998,2817000,APO,202.0,0.5512751936912537
2025-01-02,165.38832092285156,166.51511224996625,162.5863145542098,166.51511224996625,3079600,APO,201.0,0.8695191740989685
2025-01-02,165.38832092285156,166.51511224996625,162.5863145542098,166.51511224996625,3079600,APO,200.0,0.9525840878486632
2025-01-03,168.5792236328125,168.94816655546802,164.7002866488476,165.6575632893487,2491500,APO,198.0,0.9204555749893188
2025-01-03,168.5792236328125,168.94816655546802,164.7002866488476,165.6575632893487,2491500,APO,199.0,0.4562669396400451
2025-01-06,168.61912536621094,171.62056015497777,168.54931712639473,170.314287922044,3233400,APO,195.0,0.7482658624649048
2025-01-06,168.61912536621094,171.62056015497777,168.54931712639473,170.314287922044,3233400,APO,196.0,0.9115956425666808
2025-01-06,168.61912536621094,171.62056015497777,168.54931712639473,170.314287922044,3233400,APO,197.0,0.92639821767807
2025-01-07,161.98802185058594,169.66612155716027,160.77149006782471,169.51655421313066,4062800,APO,192.0,0.4991454780101776
2025-01-07,161.98802185058594,169.66612155716027,160.77149006782471,169.51655421313066,4062800,APO,191.0,0.624835729598999
2025-01-07,161.98802185058594,169.66612155716027,160.77149006782471,169.51655421313066,4062800,APO,190.0,0.936428427696228
2025-01-07,161.98802185058594,169.66612155716027,160.77149006782471,169.51655421313066,4062800,APO,194.0,0.8898005485534668
2025-01-07,161.98802185058594,169.66612155716027,160.77149006782471,169.51655421313066,4062800,APO,193.0,0.9378799200057985
2025-01-08,161.5193634033203,162.66610220790824,158.98659324993076,162.14757670309112,3283500,APO,189.0,0.9336357712745668
2025-01-08,161.5193634033203,162.66610220790824,158.98659324993076,162.14757670309112,3283500,APO,188.0,0.5225043892860413
2025-01-08,161.5193634033203,162.66610220790824,158.98659324993076,162.14757670309112,3283500,APO,187.0,0.7750049829483032
2025-01-08,161.5193634033203,162.66610220790824,158.98659324993076,162.14757670309112,3283500,APO,185.0,0.617266058921814
2025-01-08,161.5193634033203,162.66610220790824,158.98659324993076,162.14757670309112,3283500,APO,186.0,0.8155295848846436
2025-01-10,154.94810485839844,159.54499565430393,154.14041075236196,159.54499565430393,4502700,APO,177.0,0.9393311142921448
2025-01-10,154.94810485839844,159.54499565430393,154.14041075236196,159.54499565430393,4502700,APO,176.0,0.9149835109710692
2025-01-10,154.94810485839844,159.54499565430393,154.14041075236196,159.54499565430393,4502700,APO,175.0,0.8898055553436279
2025-01-10,154.94810485839844,159.54499565430393,154.14041075236196,159.54499565430393,4502700,APO,174.0,0.9446836113929749
2025-01-10,154.94810485839844,159.54499565430393,154.14041075236196,159.54499565430393,4502700,APO,173.0,0.9116008281707764
2025-01-10,154.94810485839844,159.54499565430393,154.14041075236196,159.54499565430393,4502700,APO,172.0,0.9237974286079408
2025-01-10,154.94810485839844,159.54499565430393,154.14041075236196,159.54499565430393,4502700,APO,170.0,0.6097196936607361
2025-01-10,154.94810485839844,159.54499565430393,154.14041075236196,159.54499565430393,4502700,APO,169.0,0.7681466937065125
2025-01-10,154.94810485839844,159.54499565430393,154.14041075236196,159.54499565430393,4502700,APO,171.0,0.9522436857223512
2025-01-13,154.3597869873047,154.55921518963137,152.2956662939625,153.25294296668565,3441800,APO,165.0,0.94120454788208
2025-01-13,154.3597869873047,154.55921518963137,152.2956662939625,153.25294296668565,3441800,APO,164.0,0.8612881302833557
2025-01-13,154.3597869873047,154.55921518963137,152.2956662939625,153.25294296668565,3441800,APO,166.0,0.9371854066848756
2025-01-13,154.3597869873047,154.55921518963137,152.2956662939625,153.25294296668565,3441800,APO,167.0,0.7278274297714233
2025-01-14,158.87689208984375,159.46521056992415,155.16746997396112,156.20450568096052,3511900,APO,162.0,0.7246798276901245
2025-01-14,158.87689208984375,159.46521056992415,155.16746997396112,156.20450568096052,3511900,APO,161.0,0.6048819422721863
2025-01-14,158.87689208984375,159.46521056992415,155.16746997396112,156.20450568096052,3511900,APO,160.0,0.9216362833976746
2025-01-14,158.87689208984375,159.46521056992415,155.16746997396112,156.20450568096052,3511900,APO,159.0,0.8836418986320496
2025-01-14,158.87689208984375,159.46521056992415,155.16746997396112,156.20450568096052,3511900,APO,163.0,0.9243143796920776
2025-01-14,158.87689208984375,159.46521056992415,155.16746997396112,156.20450568096052,3511900,APO,158.0,0.9069057703018188
2025-01-15,164.38121032714844,167.40259248177114,163.20455806570718,165.52793390357482,3852400,APO,157.0,0.6871814131736755
2025-01-15,164.38121032714844,167.40259248177114,163.20455806570718,165.52793390357482,3852400,APO,156.0,0.8806371688842773
2025-01-15,164.38121032714844,167.40259248177114,163.20455806570718,165.52793390357482,3852400,APO,155.0,0.8863382339477539
2025-01-15,164.38121032714844,167.40259248177114,163.20455806570718,165.52793390357482,3852400,APO,154.0,0.8837597966194153
2025-01-15,164.38121032714844,167.40259248177114,163.20455806570718,165.52793390357482,3852400,APO,63.0,0.9104468822479248
2025-01-15,164.38121032714844,167.40259248177114,163.20455806570718,165.52793390357482,3852400,APO,62.0,0.8978976607322693
2025-01-16,165.44815063476562,165.99658957377858,163.93246898932867,165.06922641955745,4209000,APO,61.0,0.9320924878120422
2025-01-16,165.44815063476562,165.99658957377858,163.93246898932867,165.06922641955745,4209000,APO,60.0,0.4358123242855072
2025-01-17,166.51512145996094,168.53934735479766,165.5378974162908,166.79432398232487,3580300,APO,58.0,0.746785044670105
2025-01-17,166.51512145996094,168.53934735479766,165.5378974162908,166.79432398232487,3580300,APO,59.0,0.92106693983078
2025-01-21,168.75872802734375,171.4410655398338,167.90117304982675,168.47952549656117,4107600,APO,56.0,0.8735990524291992
2025-01-22,168.419677734375,170.83280915142927,167.2230933257986,169.51655565121786,3202000,APO,55.0,0.921722948551178
2025-01-23,169.26727294921875,172.9966427910036,167.71171163816953,167.7216777230979,3264900,APO,54.0,0.9225943684577942
2025-01-24,171.57069396972656,171.77012216738217,168.77865355635947,169.02794260727802,2410600,APO,,0.9225943684577942
2025-01-27,166.7843475341797,168.76869393300274,163.43390195295,167.46242169064357,3299300,APO,,0.9225943684577942
2025-01-28,168.82852172851562,170.21456830309356,164.96953192193183,167.78150462618916,3672300,APO,53.0,0.8203364610671997
2025-01-29,170.61343383789062,171.7003304565017,168.12054330966544,168.97809825999076,2735100,APO,,0.8203364610671997
2025-01-30,171.27154541015625,172.89691490383242,168.39974586749804,172.30859639074097,2644700,APO,,0.8203364610671997
2025-01-31,170.49375915527344,174.41259084914407,170.13478232236463,172.18892161579993,2452000,APO,52.0,0.9448171257972716
2025-01-31,170.49375915527344,174.41259084914407,170.13478232236463,172.18892161579993,2452000,APO,51.0,0.6337830424308777
2025-01-31,170.49375915527344,174.41259084914407,170.13478232236463,172.18892161579993,2452000,APO,50.0,0.918899953365326
2025-01-31,170.49375915527344,174.41259084914407,170.13478232236463,172.18892161579993,2452000,APO,49.0,0.8872015476226807
2025-02-03,166.64474487304688,169.01798157769602,164.76012020035392,165.80713728860482,3257300,APO,47.0,0.9454997181892396
2025-02-03,166.64474487304688,169.01798157769602,164.76012020035392,165.80713728860482,3257300,APO,48.0,0.6972234845161438
2025-02-04,162.12762451171875,168.84846284381217,160.60197672784324,163.55356580384463,5539400,APO,44.0,0.9064471125602722
2025-02-04,162.12762451171875,168.84846284381217,160.60197672784324,163.55356580384463,5539400,APO,43.0,0.8887441158294678
2025-02-04,162.12762451171875,168.84846284381217,160.60197672784324,163.55356580384463,5539400,APO,42.0,0.9299830794334412
2025-02-04,162.12762451171875,168.84846284381217,160.60197672784324,163.55356580384463,5539400,APO,41.0,0.7213386297225952
2025-02-04,162.12762451171875,168.84846284381217,160.60197672784324,163.55356580384463,5539400,APO,40.0,0.9108505845069884
2025-02-04,162.12762451171875,168.84846284381217,160.60197672784324,163.55356580384463,5539400,APO,39.0,0.942411243915558
2025-02-04,162.12762451171875,168.84846284381217,160.60197672784324,163.55356580384463,5539400,APO,38.0,0.5546345710754395
2025-02-04,162.12762451171875,168.84846284381217,160.60197672784324,163.55356580384463,5539400,APO,37.0,0.8281270861625671
2025-02-04,162.12762451171875,168.84846284381217,160.60197672784324,163.55356580384463,5539400,APO,36.0,0.9682687520980836
2025-02-04,162.12762451171875,168.84846284381217,160.60197672784324,163.55356580384463,5539400,APO,45.0,0.9360594153404236
2025-02-04,162.12762451171875,168.84846284381217,160.60197672784324,163.55356580384463,5539400,APO,46.0,0.7385496497154236
2025-02-05,165.2786407470703,165.6974445267357,159.92391680265308,160.71166350872454,2844700,APO,32.0,0.6928770542144775
2025-02-05,165.2786407470703,165.6974445267357,159.92391680265308,160.71166350872454,2844700,APO,35.0,0.9461899399757384
2025-02-05,165.2786407470703,165.6974445267357,159.92391680265308,160.71166350872454,2844700,APO,34.0,0.8867702484130859
2025-02-05,165.2786407470703,165.6974445267357,159.92391680265308,160.71166350872454,2844700,APO,33.0,0.9508649706840516
2025-02-06,164.41111755371094,167.77152904666997,162.74586854147262,167.63192778861992,2181100,APO,31.0,0.838970959186554
2025-02-06,164.41111755371094,167.77152904666997,162.74586854147262,167.63192778861992,2181100,APO,29.0,0.9391829371452332
2025-02-06,164.41111755371094,167.77152904666997,162.74586854147262,167.63192778861992,2181100,APO,30.0,0.92411208152771
2025-02-06,164.41111755371094,167.77152904666997,162.74586854147262,167.63192778861992,2181100,APO,28.0,0.9403001070022584
2025-02-07,162.9851837158203,166.67465874559463,162.64615424730735,165.08918398219868,2484800,APO,27.0,0.5896074771881104
2025-02-10,161.7088165283203,164.29144739310365,160.33273612551713,164.0222261785172,2165300,APO,,0.5896074771881104
2025-02-11,157.6304473876953,160.08344301739106,156.43386304037577,160.0435634658185,3787000,APO,,0.5896074771881104
2025-02-12,156.99227905273438,157.53073672136097,152.365474761015,154.65893712969154,4266200,APO,,0.5896074771881104
2025-02-13,157.4709014892578,159.4353003732243,156.45379792941935,157.75010400130824,2441900,APO,,0.5896074771881104
2025-02-14,162.3470001220703,162.68602958178863,157.14184348843233,157.81991762326527,2665800,APO,,0.5896074771881104
2025-02-18,162.05999755859375,164.22000122070312,160.69000244140625,163.50999450683594,2503200,APO,24.0,0.755961000919342
2025-02-18,162.05999755859375,164.22000122070312,160.69000244140625,163.50999450683594,2503200,APO,25.0,0.931402027606964
2025-02-19,160.27000427246094,161.1699981689453,159.1199951171875,160.5,3035500,APO,,0.931402027606964
2025-02-20,156.7899932861328,160.1999969482422,154.3300018310547,159.9600067138672,3567000,APO,23.0,0.8148922920227051
2025-02-20,156.7899932861328,160.1999969482422,154.3300018310547,159.9600067138672,3567000,APO,22.0,0.9033114314079284
2025-02-20,156.7899932861328,160.1999969482422,154.3300018310547,159.9600067138672,3567000,APO,21.0,0.8713160753250122
2025-02-21,150.5500030517578,157.4499969482422,148.60000610351562,157.10000610351562,3731500,APO,20.0,0.9500285983085632
2025-02-21,150.5500030517578,157.4499969482422,148.60000610351562,157.10000610351562,3731500,APO,19.0,0.9465516805648804
2025-02-24,147.8699951171875,152.66000366210938,146.44000244140625,151.91000366210938,4379300,APO,12.0,0.9352930784225464
2025-02-24,147.8699951171875,152.66000366210938,146.44000244140625,151.91000366210938,4379300,APO,13.0,0.6714286804199219
2025-02-24,147.8699951171875,152.66000366210938,146.44000244140625,151.91000366210938,4379300,APO,14.0,0.918306529521942
2025-02-24,147.8699951171875,152.66000366210938,146.44000244140625,151.91000366210938,4379300,APO,15.0,0.9428582787513732
2025-02-24,147.8699951171875,152.66000366210938,146.44000244140625,151.91000366210938,4379300,APO,16.0,0.7480357885360718
2025-02-24,147.8699951171875,152.66000366210938,146.44000244140625,151.91000366210938,4379300,APO,17.0,0.9412439465522766
2025-02-25,145.3000030517578,148.89999389648438,141.1999969482422,148.0,5772700,APO,11.0,0.9367558360099792
